ncalls,tottime,percall,cumtime,percall,filename:lineno(function)
2,0.000,0.000,0.000,0.000,/opt/software/uoa/2019/conda/anaconda3/envs/python-3.9.1/lib/python3.9/codecs.py:260(__init__)
2,0.000,0.000,0.000,0.000,/opt/software/uoa/2019/conda/anaconda3/envs/python-3.9.1/lib/python3.9/codecs.py:309(__init__)
2,0.000,0.000,0.000,0.000,/opt/software/uoa/2019/conda/anaconda3/envs/python-3.9.1/lib/python3.9/codecs.py:319(decode)
137488,0.063,0.000,0.202,0.000,/opt/software/uoa/2019/conda/anaconda3/envs/python-3.9.1/lib/python3.9/abc.py:96(__instancecheck__)
18/10,0.000,0.000,0.000,0.000,/opt/software/uoa/2019/conda/anaconda3/envs/python-3.9.1/lib/python3.9/abc.py:100(__subclasscheck__)
2,0.000,0.000,0.001,0.000,/opt/software/uoa/2019/conda/anaconda3/envs/python-3.9.1/lib/python3.9/genericpath.py:16(exists)
2,0.000,0.000,0.000,0.000,/opt/software/uoa/2019/conda/anaconda3/envs/python-3.9.1/lib/python3.9/_bootlocale.py:33(getpreferredencoding)
1,0.000,0.000,0.000,0.000,/scratch/users/u34cm18/alt/EPICpy/runner.py:22(__init__)
1,0.000,0.000,0.010,0.010,/scratch/users/u34cm18/alt/EPICpy/runner.py:33(parse_domain)
1,0.000,0.000,0.009,0.009,/scratch/users/u34cm18/alt/EPICpy/runner.py:45(parse_problem)
1,0.000,0.000,0.000,0.000,/scratch/users/u34cm18/alt/EPICpy/runner.py:63(set_solver)
1,0.000,0.000,0.000,0.000,/scratch/users/u34cm18/alt/EPICpy/runner.py:72(set_heuristic)
1,0.000,0.000,0.000,0.000,/scratch/users/u34cm18/alt/EPICpy/runner.py:84(set_search_queue)
1,0.000,0.000,0.000,0.000,/scratch/users/u34cm18/alt/EPICpy/Solver/Solving_Algorithms/partial_order_novelty.py:10(__init__)
2,0.000,0.000,0.000,0.000,/scratch/users/u34cm18/alt/EPICpy/runner.py:138(__get_suffix)
2,0.000,0.000,0.001,0.000,/scratch/users/u34cm18/alt/EPICpy/runner.py:130(__check_file_exists)
2,0.000,0.000,0.000,0.000,/opt/software/uoa/2019/conda/anaconda3/envs/python-3.9.1/lib/python3.9/re.py:203(sub)
2,0.000,0.000,0.001,0.001,/opt/software/uoa/2019/conda/anaconda3/envs/python-3.9.1/lib/python3.9/re.py:233(findall)
83692,0.088,0.000,0.355,0.000,/opt/software/uoa/2019/conda/anaconda3/envs/python-3.9.1/lib/python3.9/re.py:243(finditer)
83696,0.082,0.000,0.141,0.000,/opt/software/uoa/2019/conda/anaconda3/envs/python-3.9.1/lib/python3.9/re.py:289(_compile)
6,0.000,0.000,0.000,0.000,/opt/software/uoa/2019/conda/anaconda3/envs/python-3.9.1/lib/python3.9/enum.py:289(__call__)
6,0.000,0.000,0.000,0.000,/opt/software/uoa/2019/conda/anaconda3/envs/python-3.9.1/lib/python3.9/enum.py:580(__new__)
1,0.000,0.000,0.000,0.000,{method 'disable' of '_lsprof.Profiler' objects}
2,0.000,0.000,0.000,0.000,/opt/software/uoa/2019/conda/anaconda3/envs/python-3.9.1/lib/python3.9/enum.py:683(value)
7/3,0.000,0.000,0.000,0.000,/opt/software/uoa/2019/conda/anaconda3/envs/python-3.9.1/lib/python3.9/sre_compile.py:71(_compile)
3,0.000,0.000,0.000,0.000,/opt/software/uoa/2019/conda/anaconda3/envs/python-3.9.1/lib/python3.9/enum.py:852(__and__)
2,0.000,0.000,0.000,0.000,/opt/software/uoa/2019/conda/anaconda3/envs/python-3.9.1/lib/python3.9/sre_compile.py:276(_optimize_charset)
2,0.000,0.000,0.000,0.000,/opt/software/uoa/2019/conda/anaconda3/envs/python-3.9.1/lib/python3.9/sre_compile.py:249(_compile_charset)
2,0.000,0.000,0.000,0.000,/opt/software/uoa/2019/conda/anaconda3/envs/python-3.9.1/lib/python3.9/types.py:171(__get__)
2,0.000,0.000,0.000,0.000,/opt/software/uoa/2019/conda/anaconda3/envs/python-3.9.1/lib/python3.9/sre_compile.py:423(_simple)
2,0.000,0.000,0.000,0.000,/opt/software/uoa/2019/conda/anaconda3/envs/python-3.9.1/lib/python3.9/sre_compile.py:432(_generate_overlap_table)
4,0.000,0.000,0.000,0.000,/opt/software/uoa/2019/conda/anaconda3/envs/python-3.9.1/lib/python3.9/sre_compile.py:453(_get_iscased)
3,0.000,0.000,0.000,0.000,/opt/software/uoa/2019/conda/anaconda3/envs/python-3.9.1/lib/python3.9/sre_compile.py:461(_get_literal_prefix)
1,0.000,0.000,0.000,0.000,/opt/software/uoa/2019/conda/anaconda3/envs/python-3.9.1/lib/python3.9/sre_compile.py:492(_get_charset_prefix)
3,0.000,0.000,0.000,0.000,/opt/software/uoa/2019/conda/anaconda3/envs/python-3.9.1/lib/python3.9/sre_compile.py:536(_compile_info)
6,0.000,0.000,0.000,0.000,/opt/software/uoa/2019/conda/anaconda3/envs/python-3.9.1/lib/python3.9/sre_compile.py:595(isstring)
3,0.000,0.000,0.000,0.000,/opt/software/uoa/2019/conda/anaconda3/envs/python-3.9.1/lib/python3.9/sre_compile.py:598(_code)
3,0.000,0.000,0.000,0.000,/opt/software/uoa/2019/conda/anaconda3/envs/python-3.9.1/lib/python3.9/sre_compile.py:759(compile)
3,0.000,0.000,0.000,0.000,/opt/software/uoa/2019/conda/anaconda3/envs/python-3.9.1/lib/python3.9/sre_parse.py:76(__init__)
6,0.000,0.000,0.000,0.000,/opt/software/uoa/2019/conda/anaconda3/envs/python-3.9.1/lib/python3.9/sre_parse.py:81(groups)
7,0.000,0.000,0.000,0.000,/opt/software/uoa/2019/conda/anaconda3/envs/python-3.9.1/lib/python3.9/sre_parse.py:111(__init__)
15,0.000,0.000,0.000,0.000,/opt/software/uoa/2019/conda/anaconda3/envs/python-3.9.1/lib/python3.9/sre_parse.py:160(__len__)
29,0.000,0.000,0.000,0.000,/opt/software/uoa/2019/conda/anaconda3/envs/python-3.9.1/lib/python3.9/sre_parse.py:164(__getitem__)
2,0.000,0.000,0.000,0.000,/opt/software/uoa/2019/conda/anaconda3/envs/python-3.9.1/lib/python3.9/sre_parse.py:168(__setitem__)
7,0.000,0.000,0.000,0.000,/opt/software/uoa/2019/conda/anaconda3/envs/python-3.9.1/lib/python3.9/sre_parse.py:172(append)
7/3,0.000,0.000,0.000,0.000,/opt/software/uoa/2019/conda/anaconda3/envs/python-3.9.1/lib/python3.9/sre_parse.py:174(getwidth)
3,0.000,0.000,0.000,0.000,/opt/software/uoa/2019/conda/anaconda3/envs/python-3.9.1/lib/python3.9/sre_parse.py:224(__init__)
20,0.000,0.000,0.000,0.000,/opt/software/uoa/2019/conda/anaconda3/envs/python-3.9.1/lib/python3.9/sre_parse.py:233(__next)
13,0.000,0.000,0.000,0.000,/opt/software/uoa/2019/conda/anaconda3/envs/python-3.9.1/lib/python3.9/sre_parse.py:249(match)
15,0.000,0.000,0.000,0.000,/opt/software/uoa/2019/conda/anaconda3/envs/python-3.9.1/lib/python3.9/sre_parse.py:254(get)
7,0.000,0.000,0.000,0.000,/opt/software/uoa/2019/conda/anaconda3/envs/python-3.9.1/lib/python3.9/sre_parse.py:286(tell)
1,0.000,0.000,0.000,0.000,/opt/software/uoa/2019/conda/anaconda3/envs/python-3.9.1/lib/python3.9/sre_parse.py:295(_class_escape)
2,0.000,0.000,0.000,0.000,/opt/software/uoa/2019/conda/anaconda3/envs/python-3.9.1/lib/python3.9/sre_parse.py:432(_uniq)
3,0.000,0.000,0.000,0.000,/opt/software/uoa/2019/conda/anaconda3/envs/python-3.9.1/lib/python3.9/sre_parse.py:435(_parse_sub)
4,0.000,0.000,0.000,0.000,/opt/software/uoa/2019/conda/anaconda3/envs/python-3.9.1/lib/python3.9/sre_parse.py:493(_parse)
3,0.000,0.000,0.000,0.000,/opt/software/uoa/2019/conda/anaconda3/envs/python-3.9.1/lib/python3.9/sre_parse.py:921(fix_flags)
3,0.000,0.000,0.000,0.000,/opt/software/uoa/2019/conda/anaconda3/envs/python-3.9.1/lib/python3.9/sre_parse.py:937(parse)
62241,0.212,0.000,0.573,0.000,{built-in method _heapq.heappush}
57268,0.214,0.000,0.605,0.000,{built-in method _heapq.heappop}
4526118/12716,4.303,0.000,8.460,0.001,/opt/software/uoa/2019/conda/anaconda3/envs/python-3.9.1/lib/python3.9/copy.py:128(deepcopy)
4340562,0.442,0.000,0.442,0.000,/opt/software/uoa/2019/conda/anaconda3/envs/python-3.9.1/lib/python3.9/copy.py:182(_deepcopy_atomic)
172840,1.537,0.000,7.488,0.000,/opt/software/uoa/2019/conda/anaconda3/envs/python-3.9.1/lib/python3.9/copy.py:200(_deepcopy_list)
12716,0.164,0.000,8.390,0.001,/opt/software/uoa/2019/conda/anaconda3/envs/python-3.9.1/lib/python3.9/copy.py:226(_deepcopy_dict)
185556,0.139,0.000,0.181,0.000,/opt/software/uoa/2019/conda/anaconda3/envs/python-3.9.1/lib/python3.9/copy.py:242(_keep_alive)
1,0.000,0.000,0.000,0.000,/scratch/users/u34cm18/alt/EPICpy/Parsers/HDDL_Parser.py:17(__init__)
1,0.000,0.000,0.009,0.009,/scratch/users/u34cm18/alt/EPICpy/Parsers/HDDL_Parser.py:20(parse_domain)
1,0.000,0.000,0.009,0.009,/scratch/users/u34cm18/alt/EPICpy/Parsers/HDDL_Parser.py:53(parse_problem)
4,0.000,0.000,0.000,0.000,/scratch/users/u34cm18/alt/EPICpy/Parsers/HDDL_Parser.py:77(_add_types_to_domain)
1,0.000,0.000,0.000,0.000,/scratch/users/u34cm18/alt/EPICpy/Parsers/HDDL_Parser.py:76(_parse_type)
11,0.000,0.000,0.002,0.000,/scratch/users/u34cm18/alt/EPICpy/Parsers/HDDL_Parser.py:109(_parse_action)
45,0.000,0.000,0.000,0.000,/scratch/users/u34cm18/alt/EPICpy/Parsers/HDDL_Parser.py:135(__extract_effect_values)
1,0.000,0.000,0.000,0.000,/scratch/users/u34cm18/alt/EPICpy/Parsers/HDDL_Parser.py:100(_parse_predicates)
22/11,0.000,0.000,0.000,0.000,/scratch/users/u34cm18/alt/EPICpy/Parsers/HDDL_Parser.py:134(_parse_effects)
10,0.000,0.000,0.000,0.000,/scratch/users/u34cm18/alt/EPICpy/Parsers/HDDL_Parser.py:174(_parse_task)
22,0.000,0.000,0.003,0.000,/scratch/users/u34cm18/alt/EPICpy/Parsers/HDDL_Parser.py:191(_parse_method)
87,0.000,0.000,0.000,0.000,/scratch/users/u34cm18/alt/EPICpy/Parsers/HDDL_Parser.py:270(<listcomp>)
40,0.000,0.000,0.000,0.000,/scratch/users/u34cm18/alt/EPICpy/Parsers/HDDL_Parser.py:285(<listcomp>)
168/33,0.001,0.000,0.002,0.000,/scratch/users/u34cm18/alt/EPICpy/Parsers/HDDL_Parser.py:251(__parse_conditions)
22,0.000,0.000,0.000,0.000,/scratch/users/u34cm18/alt/EPICpy/Parsers/HDDL_Parser.py:335(<listcomp>)
33,0.000,0.000,0.000,0.000,/scratch/users/u34cm18/alt/EPICpy/Parsers/HDDL_Parser.py:339(<listcomp>)
33,0.000,0.000,0.000,0.000,/scratch/users/u34cm18/alt/EPICpy/Parsers/HDDL_Parser.py:340(<listcomp>)
33,0.000,0.000,0.002,0.000,/scratch/users/u34cm18/alt/EPICpy/Parsers/HDDL_Parser.py:250(_parse_precondition)
1,0.000,0.000,0.000,0.000,/scratch/users/u34cm18/alt/EPICpy/Parsers/HDDL_Parser.py:370(_post_domain_parsing_grounding)
1,0.000,0.000,0.000,0.000,/scratch/users/u34cm18/alt/EPICpy/Parsers/HDDL_Parser.py:382(_set_problem_name)
1,0.000,0.000,0.000,0.000,/scratch/users/u34cm18/alt/EPICpy/Parsers/HDDL_Parser.py:392(_check_domain_name)
8,0.000,0.000,0.002,0.000,/scratch/users/u34cm18/alt/EPICpy/Parsers/HDDL_Parser.py:403(_add_objects_to_problem)
1,0.000,0.000,0.002,0.002,/scratch/users/u34cm18/alt/EPICpy/Parsers/HDDL_Parser.py:402(_parse_objects)
324,0.000,0.000,0.000,0.000,/scratch/users/u34cm18/alt/EPICpy/Parsers/HDDL_Parser.py:423(<listcomp>)
1,0.001,0.001,0.003,0.003,/scratch/users/u34cm18/alt/EPICpy/Parsers/HDDL_Parser.py:420(_parse_initial_state)
1,0.000,0.000,0.001,0.001,/scratch/users/u34cm18/alt/EPICpy/Parsers/HDDL_Parser.py:426(_parse_htn_tag)
2,0.000,0.000,0.007,0.003,/scratch/users/u34cm18/alt/EPICpy/Parsers/HDDL_Parser.py:471(_scan_tokens)
83,0.000,0.000,0.000,0.000,/scratch/users/u34cm18/alt/EPICpy/Internal_Representation/precondition.py:8(__init__)
72,0.000,0.000,0.000,0.000,/scratch/users/u34cm18/alt/EPICpy/Internal_Representation/precondition.py:15(add_operator_condition)
87,0.000,0.000,0.001,0.000,/scratch/users/u34cm18/alt/EPICpy/Internal_Representation/precondition.py:23(add_predicate_condition)
12,0.000,0.000,0.000,0.000,/scratch/users/u34cm18/alt/EPICpy/Internal_Representation/precondition.py:31(add_variable_condition)
22,0.000,0.000,0.000,0.000,/scratch/users/u34cm18/alt/EPICpy/Internal_Representation/precondition.py:68(add_given_params_predicate_condition)
5,0.000,0.000,0.000,0.000,/scratch/users/u34cm18/alt/EPICpy/Internal_Representation/precondition.py:77(add_given_params_operator_condition)
171,0.000,0.000,0.000,0.000,/scratch/users/u34cm18/alt/EPICpy/Internal_Representation/precondition.py:84(_final_condition_addition_checks)
447028/413128,0.143,0.000,0.515,0.000,/scratch/users/u34cm18/alt/EPICpy/Internal_Representation/precondition.py:92(evaluate_given_params_conditions)
7227611/7212716,4.951,0.000,3009.348,0.000,/scratch/users/u34cm18/alt/EPICpy/Internal_Representation/precondition.py:97(evaluate)
298,0.000,0.000,0.000,0.000,/scratch/users/u34cm18/alt/EPICpy/Internal_Representation/conditions.py:8(__init__)
82,0.000,0.000,0.000,0.000,/scratch/users/u34cm18/alt/EPICpy/Internal_Representation/conditions.py:11(set_parent)
169,0.000,0.000,0.000,0.000,/scratch/users/u34cm18/alt/EPICpy/Internal_Representation/conditions.py:24(<listcomp>)
169,0.000,0.000,0.001,0.000,/scratch/users/u34cm18/alt/EPICpy/Internal_Representation/conditions.py:20(__init__)
566506,0.928,0.000,14.818,0.000,/scratch/users/u34cm18/alt/EPICpy/Internal_Representation/conditions.py:27(evaluate)
12,0.000,0.000,0.000,0.000,/scratch/users/u34cm18/alt/EPICpy/Internal_Representation/conditions.py:64(__init__)
6806848,1.280,0.000,1.280,0.000,/scratch/users/u34cm18/alt/EPICpy/Internal_Representation/conditions.py:69(evaluate)
117,0.000,0.000,0.000,0.000,/scratch/users/u34cm18/alt/EPICpy/Internal_Representation/conditions.py:97(__init__)
121,0.000,0.000,0.000,0.000,/scratch/users/u34cm18/alt/EPICpy/Internal_Representation/conditions.py:103(add_child)
14045338/7227611,14.539,0.000,3004.293,0.000,/scratch/users/u34cm18/alt/EPICpy/Internal_Representation/conditions.py:107(evaluate)
1108764/407109,0.959,0.000,18.093,0.000,/scratch/users/u34cm18/alt/EPICpy/Internal_Representation/conditions.py:121(<listcomp>)
1136089/434434,1.027,0.000,18.571,0.000,/scratch/users/u34cm18/alt/EPICpy/Internal_Representation/conditions.py:118(_evaluate_children)
7227611,2.479,0.000,2.479,0.000,/scratch/users/u34cm18/alt/EPICpy/Internal_Representation/conditions.py:124(_evaluate_and)
356267,0.192,0.000,0.226,0.000,/scratch/users/u34cm18/alt/EPICpy/Internal_Representation/conditions.py:136(_evaluate_not)
3403424,2.724,0.000,4.223,0.000,/scratch/users/u34cm18/alt/EPICpy/Internal_Representation/conditions.py:140(_evaluate_equal)
33,0.000,0.000,0.000,0.000,/scratch/users/u34cm18/alt/EPICpy/Internal_Representation/predicate.py:9(__init__)
92479,0.086,0.000,0.086,0.000,/scratch/users/u34cm18/alt/EPICpy/Internal_Representation/Object.py:5(__init__)
396,0.000,0.000,0.001,0.000,/scratch/users/u34cm18/alt/EPICpy/Internal_Representation/reg_parameter.py:6(__init__)
10,0.000,0.000,0.000,0.000,/scratch/users/u34cm18/alt/EPICpy/Internal_Representation/Type.py:2(__init__)
578/211,0.001,0.000,0.001,0.000,/scratch/users/u34cm18/alt/EPICpy/Internal_Representation/Type.py:16(add_satisfying_object)
83444,0.159,0.000,0.190,0.000,/scratch/users/u34cm18/alt/EPICpy/Internal_Representation/subtasks.py:25(add_given_parameters)
12713,0.018,0.000,0.648,0.000,/scratch/users/u34cm18/alt/EPICpy/Internal_Representation/subtasks.py:33(evaluate_preconditions)
50,0.000,0.000,0.000,0.000,/scratch/users/u34cm18/alt/EPICpy/Internal_Representation/subtasks.py:39(set_root_task)
4772062,3.548,0.000,10.269,0.000,/scratch/users/u34cm18/alt/EPICpy/Internal_Representation/subtasks.py:50(__hash__)
150,0.000,0.000,0.001,0.000,/scratch/users/u34cm18/alt/EPICpy/Internal_Representation/subtasks.py:54(__str__)
23,0.000,0.000,0.000,0.000,/scratch/users/u34cm18/alt/EPICpy/Internal_Representation/subtasks.py:69(__init__)
90,0.000,0.000,0.000,0.000,/scratch/users/u34cm18/alt/EPICpy/Internal_Representation/subtasks.py:77(add_subtask)
51,0.000,0.000,0.000,0.000,/scratch/users/u34cm18/alt/EPICpy/Internal_Representation/subtasks.py:218(get_tasks)
396,0.000,0.000,0.000,0.000,/scratch/users/u34cm18/alt/EPICpy/Internal_Representation/parameter.py:2(__init__)
19044422,6.435,0.000,6.435,0.000,/scratch/users/u34cm18/alt/EPICpy/Internal_Representation/Object.py:15(__eq__)
157173,0.037,0.000,0.037,0.000,/scratch/users/u34cm18/alt/EPICpy/Internal_Representation/Object.py:24(__str__)
10735628,2.520,0.000,3.611,0.000,/scratch/users/u34cm18/alt/EPICpy/Internal_Representation/Object.py:27(__hash__)
83768,0.279,0.000,0.321,0.000,/scratch/users/u34cm18/alt/EPICpy/Internal_Representation/modifier.py:14(__init__)
83692,0.012,0.000,0.012,0.000,/scratch/users/u34cm18/alt/EPICpy/Internal_Representation/modifier.py:28(get_parameters)
33,0.000,0.000,0.000,0.000,/scratch/users/u34cm18/alt/EPICpy/Internal_Representation/modifier.py:31(add_preconditions)
150,0.000,0.000,0.000,0.000,/scratch/users/u34cm18/alt/EPICpy/Internal_Representation/modifier.py:38(get_number_parameters)
7179851,6.402,0.000,3016.031,0.000,/scratch/users/u34cm18/alt/EPICpy/Internal_Representation/modifier.py:59(evaluate_preconditions)
82248,0.088,0.000,0.350,0.000,/scratch/users/u34cm18/alt/EPICpy/Internal_Representation/modifier.py:71(evaluate_preconditions_conditions_given_params)
24,0.000,0.000,0.000,0.000,/scratch/users/u34cm18/alt/EPICpy/Internal_Representation/modifier.py:80(__hash__)
61050,0.048,0.000,0.323,0.000,/scratch/users/u34cm18/alt/EPICpy/Internal_Representation/action.py:11(__init__)
45,0.000,0.000,0.000,0.000,/scratch/users/u34cm18/alt/EPICpy/Internal_Representation/effects.py:8(__init__)
22,0.000,0.000,0.000,0.000,/scratch/users/u34cm18/alt/EPICpy/Internal_Representation/effects.py:28(__init__)
45,0.000,0.000,0.000,0.000,/scratch/users/u34cm18/alt/EPICpy/Internal_Representation/effects.py:31(add_effect)
22708,0.047,0.000,0.103,0.000,/scratch/users/u34cm18/alt/EPICpy/Internal_Representation/method.py:9(__init__)
3571799,3.296,0.000,263.052,0.000,/scratch/users/u34cm18/alt/EPICpy/Internal_Representation/method.py:26(evaluate_preconditions)
50,0.000,0.000,0.000,0.000,/scratch/users/u34cm18/alt/EPICpy/Internal_Representation/method.py:47(get_subtasks)
83484,0.161,0.000,0.199,0.000,/scratch/users/u34cm18/alt/EPICpy/Internal_Representation/subtasks.py:10(__init__)
1,0.000,0.000,0.000,0.000,/scratch/users/u34cm18/alt/EPICpy/Internal_Representation/subtasks.py:221(get_task_orderings)
14,0.000,0.000,0.000,0.000,/scratch/users/u34cm18/alt/EPICpy/Internal_Representation/subtasks.py:240(__len__)
10,0.000,0.000,0.000,0.000,/scratch/users/u34cm18/alt/EPICpy/Internal_Representation/task.py:5(__init__)
44,0.000,0.000,0.000,0.000,/scratch/users/u34cm18/alt/EPICpy/Internal_Representation/task.py:10(add_method)
1,0.000,0.000,0.000,0.000,/scratch/users/u34cm18/alt/EPICpy/Parsers/parser.py:16(__init__)
332,0.000,0.000,0.001,0.000,/scratch/users/u34cm18/alt/EPICpy/Parsers/parser.py:51(__add_t_param_list)
171,0.001,0.000,0.002,0.000,/scratch/users/u34cm18/alt/EPICpy/Parsers/parser.py:50(_parse_parameters)
23,0.000,0.000,0.002,0.000,/scratch/users/u34cm18/alt/EPICpy/Parsers/parser.py:148(_parse_subtasks)
2,0.001,0.001,0.007,0.003,/scratch/users/u34cm18/alt/EPICpy/Parsers/parser.py:218(_scan_tokens)
1,0.000,0.000,0.000,0.000,/scratch/users/u34cm18/alt/EPICpy/Parsers/parser.py:246(_post_problem_parsing_grounding)
2,0.000,0.000,0.000,0.000,/scratch/users/u34cm18/alt/EPICpy/Internal_Representation/domain.py:12(__init__)
22,0.000,0.000,0.000,0.000,/scratch/users/u34cm18/alt/EPICpy/Internal_Representation/domain.py:23(add_action)
44,0.000,0.000,0.000,0.000,/scratch/users/u34cm18/alt/EPICpy/Internal_Representation/domain.py:27(add_method)
10,0.000,0.000,0.000,0.000,/scratch/users/u34cm18/alt/EPICpy/Internal_Representation/domain.py:33(add_task)
49,0.000,0.000,0.000,0.000,/scratch/users/u34cm18/alt/EPICpy/Internal_Representation/domain.py:37(add_predicate)
10,0.000,0.000,0.000,0.000,/scratch/users/u34cm18/alt/EPICpy/Internal_Representation/domain.py:50(add_type)
9,0.000,0.000,0.000,0.000,/scratch/users/u34cm18/alt/EPICpy/Internal_Representation/domain.py:75(get_all_actions)
22,0.000,0.000,0.000,0.000,/scratch/users/u34cm18/alt/EPICpy/Internal_Representation/domain.py:81(get_task)
172,0.000,0.000,0.000,0.000,/scratch/users/u34cm18/alt/EPICpy/Internal_Representation/domain.py:95(get_type)
3,0.000,0.000,0.000,0.000,/scratch/users/u34cm18/alt/EPICpy/Internal_Representation/domain.py:106(get_all_methods)
104,0.000,0.000,0.000,0.000,/scratch/users/u34cm18/alt/EPICpy/Internal_Representation/domain.py:112(get_modifier)
198460,0.170,0.000,0.194,0.000,/scratch/users/u34cm18/alt/EPICpy/Internal_Representation/domain.py:122(get_predicate)
2,0.000,0.000,0.000,0.000,/scratch/users/u34cm18/alt/EPICpy/Internal_Representation/domain.py:146(add_problem)
44,0.000,0.000,0.000,0.000,/scratch/users/u34cm18/alt/EPICpy/Internal_Representation/domain.py:149(_add_method_to_task)
2,0.000,0.000,0.000,0.000,/scratch/users/u34cm18/alt/EPICpy/Internal_Representation/problem.py:12(__init__)
1,0.000,0.000,0.000,0.000,/scratch/users/u34cm18/alt/EPICpy/Internal_Representation/problem.py:23(set_name)
92690,0.098,0.000,0.099,0.000,/scratch/users/u34cm18/alt/EPICpy/Internal_Representation/problem.py:27(add_object)
324,0.000,0.000,0.001,0.000,/scratch/users/u34cm18/alt/EPICpy/Internal_Representation/problem.py:38(add_to_initial_state)
1,0.000,0.000,0.000,0.000,/scratch/users/u34cm18/alt/EPICpy/Internal_Representation/problem.py:47(add_subtasks)
1,0.000,0.000,0.000,0.000,/scratch/users/u34cm18/alt/EPICpy/Internal_Representation/problem.py:51(order_subtasks)
40394,0.016,0.000,0.016,0.000,/scratch/users/u34cm18/alt/EPICpy/Internal_Representation/problem.py:67(get_object)
65949,0.047,0.000,0.047,0.000,/scratch/users/u34cm18/alt/EPICpy/Internal_Representation/problem.py:72(get_objects_of_type)
1,0.000,0.000,0.000,0.000,/scratch/users/u34cm18/alt/EPICpy/Internal_Representation/problem.py:82(get_all_objects)
1,0.000,0.000,0.000,0.000,/scratch/users/u34cm18/alt/EPICpy/Internal_Representation/problem.py:85(get_subtasks)
1,0.000,0.000,0.000,0.000,/scratch/users/u34cm18/alt/EPICpy/Internal_Representation/problem.py:104(has_initial_task_network_parameters)
12719,0.009,0.000,0.009,0.000,/scratch/users/u34cm18/alt/EPICpy/Internal_Representation/state.py:8(__init__)
324,0.000,0.000,0.001,0.000,/scratch/users/u34cm18/alt/EPICpy/Internal_Representation/state.py:12(add_element)
133413,0.205,0.000,0.270,0.000,/scratch/users/u34cm18/alt/EPICpy/Internal_Representation/state.py:21(_add_element_to_index)
25625097,16.498,0.000,20.579,0.000,/scratch/users/u34cm18/alt/EPICpy/Internal_Representation/state.py:28(get_indexes)
15416352,6.580,0.000,7.950,0.000,/scratch/users/u34cm18/alt/EPICpy/Internal_Representation/state.py:36(get_element_index)
15936,0.026,0.000,2.427,0.000,/scratch/users/u34cm18/alt/EPICpy/Internal_Representation/state.py:42(remove_element)
15936,1.781,0.000,2.146,0.000,/scratch/users/u34cm18/alt/EPICpy/Internal_Representation/state.py:78(_adjust_index_remove_element)
23749565,1286.615,0.000,2901.962,0.000,/scratch/users/u34cm18/alt/EPICpy/Internal_Representation/state.py:94(check_if_predicate_value_exists)
2,0.000,0.000,0.001,0.001,/scratch/users/u34cm18/alt/EPICpy/Internal_Representation/state.py:107(reproduce)
235058,64.823,0.000,141.408,0.001,/scratch/users/u34cm18/alt/EPICpy/Internal_Representation/state.py:145(__contains__)
89617,7.771,0.000,22.593,0.000,/scratch/users/u34cm18/alt/EPICpy/Internal_Representation/state.py:164(__hash__)
24076891,7.232,0.000,7.232,0.000,/scratch/users/u34cm18/alt/EPICpy/Internal_Representation/problem_predicate.py:21(<listcomp>)
25605909,50.760,0.000,73.256,0.000,/scratch/users/u34cm18/alt/EPICpy/Internal_Representation/problem_predicate.py:6(__init__)
29493137,11.203,0.000,14.689,0.000,/scratch/users/u34cm18/alt/EPICpy/Internal_Representation/problem_predicate.py:26(__hash__)
5170289799,1604.448,0.000,1604.448,0.000,/scratch/users/u34cm18/alt/EPICpy/Internal_Representation/problem_predicate.py:29(__eq__)
8900,0.009,0.000,0.010,0.000,/scratch/users/u34cm18/alt/EPICpy/Internal_Representation/problem_predicate.py:40(__str__)
78629,0.151,0.000,0.795,0.000,/scratch/users/u34cm18/alt/EPICpy/Solver/Models/default_model.py:15(__init__)
57268,0.043,0.000,0.067,0.000,/scratch/users/u34cm18/alt/EPICpy/Solver/Models/default_model.py:18(get_next_modifier)
29551,0.046,0.000,0.058,0.000,/scratch/users/u34cm18/alt/EPICpy/Solver/Models/default_model.py:22(insert_modifier)
89616,0.196,0.000,1.449,0.000,/scratch/users/u34cm18/alt/EPICpy/Solver/Models/default_model.py:28(add_operation)
14,0.000,0.000,0.000,0.000,/scratch/users/u34cm18/alt/EPICpy/Solver/Models/default_model.py:33(promote_waiting_subtask)
78628,0.478,0.000,2.418,0.000,/scratch/users/u34cm18/alt/EPICpy/Solver/Models/default_model.py:43(reproduce)
89616,0.126,0.000,0.143,0.000,/scratch/users/u34cm18/alt/EPICpy/Solver/Progress_Tracking/action_tracker.py:7(__init__)
89616,0.250,0.000,0.575,0.000,/scratch/users/u34cm18/alt/EPICpy/Solver/Progress_Tracking/action_tracker.py:28(__str__)
157257,0.026,0.000,0.026,0.000,/scratch/users/u34cm18/alt/EPICpy/Solver/Progress_Tracking/progress_tracker.py:6(__init__)
157257,0.303,0.000,0.330,0.000,/scratch/users/u34cm18/alt/EPICpy/Solver/Progress_Tracking/sequential_progress_tracker.py:7(__init__)
89616,0.346,0.000,1.110,0.000,/scratch/users/u34cm18/alt/EPICpy/Solver/Progress_Tracking/sequential_progress_tracker.py:13(add_operation)
78628,0.910,0.000,1.039,0.000,/scratch/users/u34cm18/alt/EPICpy/Solver/Progress_Tracking/sequential_progress_tracker.py:24(reproduce)
6286341,1.039,0.000,1.039,0.000,/scratch/users/u34cm18/alt/EPICpy/Solver/Progress_Tracking/sequential_progress_tracker.py:31(check_operation_carried_out)
78629,0.428,0.000,0.644,0.000,/scratch/users/u34cm18/alt/EPICpy/Solver/Models/model.py:15(__init__)
53743,0.013,0.000,0.013,0.000,/scratch/users/u34cm18/alt/EPICpy/Solver/Models/model.py:52(get_model_number)
132371,0.031,0.000,0.031,0.000,/scratch/users/u34cm18/alt/EPICpy/Solver/Models/model.py:55(set_parent_model_number)
62241,0.043,0.000,0.043,0.000,/scratch/users/u34cm18/alt/EPICpy/Solver/Models/model.py:58(set_ranking)
62241,0.034,0.000,0.034,0.000,/scratch/users/u34cm18/alt/EPICpy/Solver/Models/model.py:65(set_secondary_ranking)
78628,0.054,0.000,0.054,0.000,/scratch/users/u34cm18/alt/EPICpy/Solver/Models/model.py:71(set_progress_tracker)
78629,0.033,0.000,0.033,0.000,/scratch/users/u34cm18/alt/EPICpy/Solver/Models/model.py:74(get_progress_tracker)
89617,0.035,0.000,0.035,0.000,/scratch/users/u34cm18/alt/EPICpy/Solver/Models/model.py:80(get_state)
89617,0.075,0.000,0.075,0.000,/scratch/users/u34cm18/alt/EPICpy/Solver/Models/model.py:83(get_task_network)
10767085,4.991,0.000,9.090,0.000,/scratch/users/u34cm18/alt/EPICpy/Solver/Models/model.py:114(merge_dictionaries)
1280238,0.751,0.000,0.751,0.000,/scratch/users/u34cm18/alt/EPICpy/Solver/Models/model.py:123(__lt__)
2,0.000,0.000,0.000,0.000,/scratch/users/u34cm18/alt/EPICpy/Solver/Solving_Algorithms/solver.py:36(__init__)
2,0.000,0.000,0.000,0.000,/scratch/users/u34cm18/alt/EPICpy/Solver/Solving_Algorithms/solver.py:49(set_heuristic)
2,0.000,0.000,0.000,0.000,/scratch/users/u34cm18/alt/EPICpy/Solver/Solving_Algorithms/solver.py:61(set_search_queue)
1,0.000,0.000,3196.030,3196.030,/scratch/users/u34cm18/alt/EPICpy/Solver/Solving_Algorithms/solver.py:77(solve)
57268,0.589,0.000,149.347,0.003,/scratch/users/u34cm18/alt/EPICpy/Solver/Solving_Algorithms/solver.py:131(_search)
50,0.000,0.000,0.000,0.000,/scratch/users/u34cm18/alt/EPICpy/Solver/Solving_Algorithms/solver.py:195(_generate_param_dict)
10815048,13.219,0.000,14.266,0.000,/scratch/users/u34cm18/alt/EPICpy/Solver/Solving_Algorithms/solver.py:260(reproduce_dict)
78628,0.092,0.000,2.511,0.000,/scratch/users/u34cm18/alt/EPICpy/Solver/Solving_Algorithms/solver.py:286(reproduce_model)
4,0.000,0.000,0.000,0.000,/scratch/users/u34cm18/alt/EPICpy/Solver/Search_Queues/search_queue.py:12(__init__)
6,0.000,0.000,0.000,0.000,/scratch/users/u34cm18/alt/EPICpy/Solver/Search_Queues/search_queue.py:19(add_heuristic)
89617,0.163,0.000,42.587,0.000,/scratch/users/u34cm18/alt/EPICpy/Solver/Search_Queues/search_queue.py:23(add)
57268,0.083,0.000,1.253,0.000,/scratch/users/u34cm18/alt/EPICpy/Solver/Search_Queues/search_queue.py:59(pop)
57268,0.028,0.000,0.089,0.000,/scratch/users/u34cm18/alt/EPICpy/Solver/Search_Queues/search_queue.py:69(get_num_search_models)
57268,0.026,0.000,0.035,0.000,/scratch/users/u34cm18/alt/EPICpy/Solver/Search_Queues/search_queue.py:73(get_num_completed_models)
57268,0.015,0.000,0.015,0.000,/scratch/users/u34cm18/alt/EPICpy/Solver/Search_Queues/search_queue.py:82(__len__)
4,0.000,0.000,0.000,0.000,/opt/software/uoa/2019/conda/anaconda3/envs/python-3.9.1/lib/python3.9/queue.py:34(__init__)
62241,0.270,0.000,1.247,0.000,/opt/software/uoa/2019/conda/anaconda3/envs/python-3.9.1/lib/python3.9/queue.py:122(put)
57268,0.226,0.000,1.170,0.000,/opt/software/uoa/2019/conda/anaconda3/envs/python-3.9.1/lib/python3.9/queue.py:154(get)
5,0.000,0.000,0.000,0.000,/scratch/users/u34cm18/alt/EPICpy/Solver/Heuristics/Heuristic.py:5(__init__)
4,0.000,0.000,0.000,0.000,/opt/software/uoa/2019/conda/anaconda3/envs/python-3.9.1/lib/python3.9/queue.py:229(_init)
57268,0.025,0.000,0.034,0.000,/opt/software/uoa/2019/conda/anaconda3/envs/python-3.9.1/lib/python3.9/queue.py:232(_qsize)
62241,0.045,0.000,0.617,0.000,/opt/software/uoa/2019/conda/anaconda3/envs/python-3.9.1/lib/python3.9/queue.py:235(_put)
57268,0.030,0.000,0.635,0.000,/opt/software/uoa/2019/conda/anaconda3/envs/python-3.9.1/lib/python3.9/queue.py:238(_get)
3,0.000,0.000,0.000,0.000,/scratch/users/u34cm18/alt/EPICpy/Solver/Heuristics/pruning.py:9(__init__)
12,0.000,0.000,0.000,0.000,/opt/software/uoa/2019/conda/anaconda3/envs/python-3.9.1/lib/python3.9/threading.py:228(__init__)
119509,0.086,0.000,0.153,0.000,/opt/software/uoa/2019/conda/anaconda3/envs/python-3.9.1/lib/python3.9/threading.py:256(__enter__)
119509,0.084,0.000,0.117,0.000,/opt/software/uoa/2019/conda/anaconda3/envs/python-3.9.1/lib/python3.9/threading.py:259(__exit__)
119509,0.070,0.000,0.127,0.000,/opt/software/uoa/2019/conda/anaconda3/envs/python-3.9.1/lib/python3.9/threading.py:271(_is_owned)
119509,0.238,0.000,0.365,0.000,/opt/software/uoa/2019/conda/anaconda3/envs/python-3.9.1/lib/python3.9/threading.py:351(notify)
7,0.000,0.000,0.000,0.000,/scratch/users/u34cm18/alt/EPICpy/Solver/Parameter_Selection/ParameterSelector.py:16(__init__)
93966,0.446,0.000,0.727,0.000,/scratch/users/u34cm18/alt/EPICpy/Solver/Parameter_Selection/ParameterSelector.py:32(compare_parameters)
3366639/1809367,1.096,0.000,1.096,0.000,/scratch/users/u34cm18/alt/EPICpy/Solver/Parameter_Selection/ParameterSelector.py:58(__check_type)
3471947,1.940,0.000,3.037,0.000,/scratch/users/u34cm18/alt/EPICpy/Solver/Parameter_Selection/ParameterSelector.py:56(check_satisfies_type)
10814848/47763,16.228,0.000,40.982,0.001,/scratch/users/u34cm18/alt/EPICpy/Solver/Parameter_Selection/ParameterSelector.py:81(__create_combinations)
47763,2.262,0.000,44.304,0.001,/scratch/users/u34cm18/alt/EPICpy/Solver/Parameter_Selection/ParameterSelector.py:72(_convert_parameter_options_execution_ready)
66,0.000,0.000,0.000,0.000,/scratch/users/u34cm18/alt/EPICpy/Solver/Parameter_Selection/Requirement_Selection.py:18(__init__)
66,0.000,0.000,0.001,0.000,/scratch/users/u34cm18/alt/EPICpy/Solver/Parameter_Selection/Requirement_Selection.py:24(prepare_requirements)
274/66,0.001,0.000,0.001,0.000,/scratch/users/u34cm18/alt/EPICpy/Solver/Parameter_Selection/Requirement_Selection.py:35(__prepare_requirements_precons)
5,0.000,0.000,0.000,0.000,/scratch/users/u34cm18/alt/EPICpy/Solver/Parameter_Selection/Requirement_Selection.py:99(__init__)
81167,8.206,0.000,2879.445,0.035,/scratch/users/u34cm18/alt/EPICpy/Solver/Parameter_Selection/Requirement_Selection.py:102(get_potential_parameters)
47484,1.145,0.000,74.850,0.002,/scratch/users/u34cm18/alt/EPICpy/Solver/Parameter_Selection/Requirement_Selection.py:135(_find_satisfying_parameters)
3289855/1627275,5.692,0.000,53.306,0.000,/scratch/users/u34cm18/alt/EPICpy/Solver/Parameter_Selection/Requirement_Selection.py:180(_check_object_satisfies_parameter)
3283845/1621265,2.515,0.000,48.883,0.000,/scratch/users/u34cm18/alt/EPICpy/Solver/Parameter_Selection/Requirement_Selection.py:201(_check_object_satisfies_parameter_predicate_check)
1657998/1621265,2.783,0.000,46.816,0.000,/scratch/users/u34cm18/alt/EPICpy/Solver/Parameter_Selection/Requirement_Selection.py:215(_check_object_satisfies_parameter_operator_result_gathering)
36733,0.065,0.000,0.462,0.000,/scratch/users/u34cm18/alt/EPICpy/Solver/Parameter_Selection/Requirement_Selection.py:226(_check_object_satisfies_parameter_operator_not)
1621265,1.079,0.000,47.895,0.000,/scratch/users/u34cm18/alt/EPICpy/Solver/Parameter_Selection/Requirement_Selection.py:232(_check_object_satisfies_parameter_operator_and_or)
1589114,5.955,0.000,37.633,0.000,/scratch/users/u34cm18/alt/EPICpy/Solver/Parameter_Selection/Requirement_Selection.py:247(_check_object_satisfies_parameter_predicate_exists_check)
35424,0.025,0.000,0.085,0.000,/scratch/users/u34cm18/alt/EPICpy/Solver/Parameter_Selection/Requirement_Selection.py:256(_check_object_satisfies_parameter_predicate_exists_check_not)
15416352,14.837,0.000,28.818,0.000,/scratch/users/u34cm18/alt/EPICpy/Solver/Parameter_Selection/Requirement_Selection.py:265(_compare_object_to_fact)
2,0.000,0.000,0.002,0.001,/scratch/users/u34cm18/alt/EPICpy/Solver/Parameter_Selection/Requirement_Selection.py:273(presolving_processing)
66,0.000,0.000,0.002,0.000,/scratch/users/u34cm18/alt/EPICpy/Solver/Parameter_Selection/Requirement_Selection.py:281(_prepare_requirements)
238,0.000,0.000,0.000,0.000,/scratch/users/u34cm18/alt/EPICpy/Solver/Parameter_Selection/Requirement_Selection.py:292(<listcomp>)
66,0.000,0.000,0.000,0.000,/scratch/users/u34cm18/alt/EPICpy/Solver/Parameter_Selection/Requirement_Selection.py:286(_compare_requirements_parameters)
2,0.000,0.000,0.000,0.000,/scratch/users/u34cm18/alt/EPICpy/Solver/Solving_Algorithms/partial_order.py:12(__init__)
19671,0.836,0.000,114.832,0.006,/scratch/users/u34cm18/alt/EPICpy/Solver/Solving_Algorithms/partial_order.py:22(_expand_task)
29551,0.020,0.000,0.020,0.000,/scratch/users/u34cm18/alt/EPICpy/Solver/Solving_Algorithms/partial_order.py:75(<listcomp>)
29551,0.021,0.000,0.021,0.000,/scratch/users/u34cm18/alt/EPICpy/Solver/Solving_Algorithms/partial_order.py:76(<listcomp>)
24884,0.326,0.000,14.132,0.001,/scratch/users/u34cm18/alt/EPICpy/Solver/Solving_Algorithms/partial_order.py:55(_expand_method)
1,0.000,0.000,0.007,0.007,/scratch/users/u34cm18/alt/EPICpy/Solver/Solving_Algorithms/partial_order_novelty.py:24(_create_initial_model)
15985,0.007,0.000,0.007,0.000,/scratch/users/u34cm18/alt/EPICpy/Solver/Solving_Algorithms/partial_order_novelty.py:72(<listcomp>)
17958,0.007,0.000,0.007,0.000,/scratch/users/u34cm18/alt/EPICpy/Solver/Solving_Algorithms/partial_order_novelty.py:78(<listcomp>)
12713,0.255,0.000,9.608,0.001,/scratch/users/u34cm18/alt/EPICpy/Solver/Solving_Algorithms/partial_order_novelty.py:39(_expand_action)
12715,0.039,0.000,0.049,0.000,/scratch/users/u34cm18/alt/EPICpy/Internal_Representation/state_novelty.py:9(__init__)
327326,0.766,0.000,142.744,0.000,/scratch/users/u34cm18/alt/EPICpy/Internal_Representation/state_novelty.py:15(add_element)
15936,0.151,0.000,2.399,0.000,/scratch/users/u34cm18/alt/EPICpy/Internal_Representation/state_novelty.py:48(_remove_element_objects)
15936,0.011,0.000,0.015,0.000,/scratch/users/u34cm18/alt/EPICpy/Internal_Representation/state_novelty.py:79(_remove_from_element_hashes)
1,0.000,0.000,0.007,0.007,/scratch/users/u34cm18/alt/EPICpy/Internal_Representation/state_novelty.py:82(load_from_default_state)
12714,0.130,0.000,8.743,0.001,/scratch/users/u34cm18/alt/EPICpy/Internal_Representation/state_novelty.py:86(reproduce)
1,0.000,0.000,0.000,0.000,/scratch/users/u34cm18/alt/EPICpy/Internal_Representation/state_novelty.py:97(set_max_novelty_level)
1,0.000,0.000,0.000,0.000,/scratch/users/u34cm18/alt/EPICpy/Solver/Search_Queues/Novelty_GBFS_Search_Queue.py:5(__init__)
89617,0.410,0.000,40.464,0.000,/scratch/users/u34cm18/alt/EPICpy/Solver/Heuristics/seen_states_pruning.py:8(ranking)
14,0.000,0.000,0.000,0.000,/scratch/users/u34cm18/alt/EPICpy/Solver/Heuristics/seen_states_pruning.py:22(task_milestone)
1,0.000,0.000,0.000,0.000,/scratch/users/u34cm18/alt/EPICpy/Solver/Solving_Algorithms/partial_order_novelty_light.py:10(__init__)
1,0.000,0.000,0.000,0.000,/scratch/users/u34cm18/alt/EPICpy/Solver/Solving_Algorithms/partial_order_novelty_light.py:14(set_search_queue)
78627,0.079,0.000,37.239,0.000,/scratch/users/u34cm18/alt/EPICpy/Solver/Solving_Algorithms/partial_order_novelty_light.py:17(_add_model_to_search_queue)
10989,0.012,0.000,5.439,0.000,/scratch/users/u34cm18/alt/EPICpy/Solver/Solving_Algorithms/partial_order_novelty_light.py:23(_add_model_to_search_queue_action)
101,0.000,0.000,0.000,0.000,/scratch/users/u34cm18/alt/EPICpy/Solver/Heuristics/landmarks.py:10(__init__)
150,0.000,0.000,0.000,0.000,/scratch/users/u34cm18/alt/EPICpy/Solver/Heuristics/landmarks.py:23(add_to_requires)
150,0.000,0.000,0.000,0.000,/scratch/users/u34cm18/alt/EPICpy/Solver/Heuristics/landmarks.py:27(add_to_required_by)
150,0.000,0.000,0.001,0.000,/scratch/users/u34cm18/alt/EPICpy/Solver/Heuristics/landmarks.py:43(add_to_already_seen)
150,0.000,0.000,0.001,0.000,/scratch/users/u34cm18/alt/EPICpy/Solver/Heuristics/landmarks.py:46(in_already_seen)
100,0.000,0.000,0.000,0.000,/scratch/users/u34cm18/alt/EPICpy/Solver/Heuristics/landmarks.py:49(set_already_seen)
100,0.000,0.000,0.000,0.000,/scratch/users/u34cm18/alt/EPICpy/Solver/Heuristics/landmarks.py:52(get_already_seen)
152,0.000,0.000,0.000,0.000,/scratch/users/u34cm18/alt/EPICpy/Solver/Heuristics/landmarks.py:59(<listcomp>)
152,0.000,0.000,0.000,0.000,/scratch/users/u34cm18/alt/EPICpy/Solver/Heuristics/landmarks.py:58(hash_child_list)
150,0.000,0.000,0.000,0.000,/scratch/users/u34cm18/alt/EPICpy/Solver/Heuristics/landmarks.py:61(__hash__)
51,0.000,0.000,0.000,0.000,/scratch/users/u34cm18/alt/EPICpy/Solver/Heuristics/landmarks.py:69(__init__)
51,0.000,0.000,0.000,0.000,/scratch/users/u34cm18/alt/EPICpy/Solver/Heuristics/landmarks.py:80(<listcomp>)
51,0.000,0.000,0.000,0.000,/scratch/users/u34cm18/alt/EPICpy/Solver/Heuristics/landmarks.py:81(<listcomp>)
51,0.000,0.000,0.000,0.000,/scratch/users/u34cm18/alt/EPICpy/Solver/Heuristics/landmarks.py:72(calculate_landmarks)
102,0.000,0.000,0.000,0.000,/scratch/users/u34cm18/alt/EPICpy/Solver/Heuristics/landmarks.py:94(<listcomp>)
51,0.000,0.000,0.000,0.000,/scratch/users/u34cm18/alt/EPICpy/Solver/Heuristics/landmarks.py:93(get_child_landmark_calculated_num)
50,0.000,0.000,0.000,0.000,/scratch/users/u34cm18/alt/EPICpy/Solver/Heuristics/landmarks.py:106(__init__)
50,0.000,0.000,0.000,0.000,/scratch/users/u34cm18/alt/EPICpy/Solver/Heuristics/landmarks.py:111(<listcomp>)
50,0.000,0.000,0.000,0.000,/scratch/users/u34cm18/alt/EPICpy/Solver/Heuristics/landmarks.py:109(calculate_landmarks)
50,0.000,0.000,0.000,0.000,/scratch/users/u34cm18/alt/EPICpy/Solver/Heuristics/landmarks.py:127(<listcomp>)
50,0.000,0.000,0.000,0.000,/scratch/users/u34cm18/alt/EPICpy/Solver/Heuristics/landmarks.py:126(get_child_landmark_calculated_num)
1,0.000,0.000,0.000,0.000,/scratch/users/u34cm18/alt/EPICpy/Solver/Heuristics/landmarks.py:131(__init__)
151,0.000,0.000,0.000,0.000,/scratch/users/u34cm18/alt/EPICpy/Solver/Heuristics/landmarks.py:138(add_leaf_node)
101,0.000,0.000,0.000,0.000,/scratch/users/u34cm18/alt/EPICpy/Solver/Heuristics/landmarks.py:153(pop_leaf_node)
50,0.000,0.000,0.000,0.000,/scratch/users/u34cm18/alt/EPICpy/Solver/Heuristics/landmarks.py:165(remove_leaf_node)
150,0.000,0.000,0.000,0.000,/scratch/users/u34cm18/alt/EPICpy/Solver/Heuristics/landmarks.py:175(__contains__)
102,0.000,0.000,0.000,0.000,/scratch/users/u34cm18/alt/EPICpy/Solver/Heuristics/landmarks.py:183(__bool__)
1,0.000,0.000,0.000,0.000,/scratch/users/u34cm18/alt/EPICpy/Solver/Heuristics/landmarks.py:190(__init__)
1,0.000,0.000,0.000,0.000,/scratch/users/u34cm18/alt/EPICpy/Solver/Heuristics/landmarks.py:195(add_root_node)
150,0.000,0.000,0.001,0.000,/scratch/users/u34cm18/alt/EPICpy/Solver/Heuristics/landmarks.py:198(get_node)
324,0.000,0.000,0.000,0.000,/scratch/users/u34cm18/alt/EPICpy/Solver/Heuristics/landmarks.py:216(get_existing_node)
1,0.000,0.000,0.000,0.000,/scratch/users/u34cm18/alt/EPICpy/Solver/Heuristics/landmarks.py:226(__init__)
62241,3.468,0.000,5.464,0.000,/scratch/users/u34cm18/alt/EPICpy/Solver/Heuristics/landmarks.py:235(_inner_ranking)
1,0.000,0.000,3196.021,3196.021,/scratch/users/u34cm18/alt/EPICpy/Solver/Heuristics/landmarks.py:246(presolving_processing)
1,0.000,0.000,3195.913,3195.913,/scratch/users/u34cm18/alt/EPICpy/Solver/Heuristics/landmarks.py:262(calculate_reachability)
50,0.000,0.000,0.000,0.000,/scratch/users/u34cm18/alt/EPICpy/Solver/Heuristics/landmarks.py:304(<listcomp>)
50,0.000,0.000,0.000,0.000,/scratch/users/u34cm18/alt/EPICpy/Solver/Heuristics/landmarks.py:316(<listcomp>)
1,0.000,0.000,0.000,0.000,/scratch/users/u34cm18/alt/EPICpy/Solver/Heuristics/landmarks.py:317(<listcomp>)
1,0.001,0.001,0.003,0.003,/scratch/users/u34cm18/alt/EPICpy/Solver/Heuristics/landmarks.py:269(_extract_landmarks)
150/50,0.001,0.000,0.105,0.002,/scratch/users/u34cm18/alt/EPICpy/Solver/Heuristics/landmarks.py:333(_add_to_node)
50,0.001,0.000,0.103,0.002,/scratch/users/u34cm18/alt/EPICpy/Solver/Heuristics/landmarks.py:377(_expand_task)
50,0.000,0.000,0.000,0.000,/scratch/users/u34cm18/alt/EPICpy/Solver/Heuristics/landmarks.py:397(_expand_method)
12909249/6793177,27.756,0.000,2975.632,0.000,/scratch/users/u34cm18/alt/EPICpy/Solver/Heuristics/delete_relaxed.py:45(_evaluate_children)
2,0.000,0.000,0.000,0.000,/scratch/users/u34cm18/alt/EPICpy/Solver/Parameter_Selection/All_Parameters.py:15(__init__)
200,0.000,0.000,0.000,0.000,/scratch/users/u34cm18/alt/EPICpy/Solver/Parameter_Selection/All_Parameters.py:20(<listcomp>)
200,0.021,0.000,0.098,0.000,/scratch/users/u34cm18/alt/EPICpy/Solver/Parameter_Selection/All_Parameters.py:18(get_potential_parameters)
45,0.000,0.000,0.000,0.000,/scratch/users/u34cm18/alt/EPICpy/Solver/Heuristics/delete_relaxed.py:41(__init__)
3058036,2.778,0.000,21.124,0.000,/scratch/users/u34cm18/alt/EPICpy/Solver/Heuristics/delete_relaxed.py:52(_evaluate_not)
3058036,3.226,0.000,18.067,0.000,/scratch/users/u34cm18/alt/EPICpy/Solver/Heuristics/delete_relaxed.py:76(_evaluate_not_standard)
82,0.000,0.000,0.000,0.000,/scratch/users/u34cm18/alt/EPICpy/Solver/Heuristics/delete_relaxed.py:92(__init__)
23183059,32.847,0.000,2924.432,0.000,/scratch/users/u34cm18/alt/EPICpy/Solver/Heuristics/delete_relaxed.py:95(evaluate)
33,0.000,0.000,0.000,0.000,/scratch/users/u34cm18/alt/EPICpy/Solver/Heuristics/delete_relaxed.py:110(__init__)
1,0.000,0.000,0.000,0.000,/scratch/users/u34cm18/alt/EPICpy/Solver/Heuristics/delete_relaxed.py:130(__init__)
1,0.000,0.000,0.001,0.001,/scratch/users/u34cm18/alt/EPICpy/Solver/Heuristics/delete_relaxed.py:145(__init__)
1,0.004,0.004,3195.910,3195.910,/scratch/users/u34cm18/alt/EPICpy/Solver/Heuristics/delete_relaxed.py:162(ranking)
1,0.000,0.000,0.000,0.000,/scratch/users/u34cm18/alt/EPICpy/Solver/Heuristics/delete_relaxed.py:226(<listcomp>)
49,0.000,0.000,0.000,0.000,/scratch/users/u34cm18/alt/EPICpy/Solver/Heuristics/delete_relaxed.py:229(<listcomp>)
1,0.000,0.000,0.000,0.000,/scratch/users/u34cm18/alt/EPICpy/Solver/Heuristics/delete_relaxed.py:206(_get_target_tasks)
50,0.000,0.000,0.000,0.000,/scratch/users/u34cm18/alt/EPICpy/Solver/Heuristics/delete_relaxed.py:232(_concat_param_object_names)
22664,0.046,0.000,0.058,0.000,/scratch/users/u34cm18/alt/EPICpy/Solver/Heuristics/delete_relaxed.py:243(<listcomp>)
22664,0.116,0.000,0.268,0.000,/scratch/users/u34cm18/alt/EPICpy/Solver/Heuristics/delete_relaxed.py:238(_get_objects_from_alt_modifier_name)
1,0.003,0.003,0.003,0.003,/scratch/users/u34cm18/alt/EPICpy/Solver/Heuristics/delete_relaxed.py:307(<listcomp>)
1,0.229,0.229,3195.905,3195.905,/scratch/users/u34cm18/alt/EPICpy/Solver/Heuristics/delete_relaxed.py:264(_calculate_distance)
6,0.000,0.000,3047.142,507.857,/scratch/users/u34cm18/alt/EPICpy/Solver/Heuristics/delete_relaxed.py:318(_calculate_applicable_modifiers)
6,0.005,0.001,3047.142,507.857,/scratch/users/u34cm18/alt/EPICpy/Solver/Heuristics/delete_relaxed.py:325(_calculate_applicable_modifiers_selection_mode)
6,0.224,0.037,2794.892,465.815,/scratch/users/u34cm18/alt/EPICpy/Solver/Heuristics/delete_relaxed.py:335(_calculate_applicable_modifiers_selection_mode_find_actions)
100,0.000,0.000,0.000,0.000,/scratch/users/u34cm18/alt/EPICpy/Solver/Heuristics/delete_relaxed.py:352(<listcomp>)
134352,0.059,0.000,0.059,0.000,/scratch/users/u34cm18/alt/EPICpy/Solver/Heuristics/delete_relaxed.py:363(<listcomp>)
5,0.204,0.041,252.245,50.449,/scratch/users/u34cm18/alt/EPICpy/Solver/Heuristics/delete_relaxed.py:348(_calculate_applicable_modifiers_selection_mode_find_methods)
134352,0.227,0.000,0.355,0.000,/scratch/users/u34cm18/alt/EPICpy/Solver/Heuristics/delete_relaxed.py:381(_check_for_executed_operation)
5,0.000,0.000,0.000,0.000,/scratch/users/u34cm18/alt/EPICpy/Solver/Heuristics/delete_relaxed.py:404(<listcomp>)
5,0.000,0.000,0.000,0.000,/scratch/users/u34cm18/alt/EPICpy/Solver/Heuristics/delete_relaxed.py:399(_generate_possible_methods_to_check_selection_mode)
238536,0.557,0.000,0.837,0.000,/scratch/users/u34cm18/alt/EPICpy/Solver/Heuristics/delete_relaxed.py:408(_generate_modifier_alt_name)
105736,0.045,0.000,0.045,0.000,/scratch/users/u34cm18/alt/EPICpy/Solver/Heuristics/delete_relaxed.py:432(<listcomp>)
111040,0.088,0.000,0.088,0.000,/scratch/users/u34cm18/alt/EPICpy/Solver/Heuristics/delete_relaxed.py:434(<listcomp>)
61028,0.982,0.000,147.581,0.002,/scratch/users/u34cm18/alt/EPICpy/Solver/Heuristics/delete_relaxed.py:427(_apply_action)
61028,0.574,0.000,0.634,0.000,/scratch/users/u34cm18/alt/EPICpy/Solver/Heuristics/delete_relaxed.py:443(<listcomp>)
11,0.000,0.000,0.000,0.000,/scratch/users/u34cm18/alt/EPICpy/Solver/Heuristics/delete_relaxed.py:450(<listcomp>)
61028,0.537,0.000,1.806,0.000,/scratch/users/u34cm18/alt/EPICpy/Solver/Heuristics/delete_relaxed.py:441(_record_applied_action)
22664,0.200,0.000,0.938,0.000,/scratch/users/u34cm18/alt/EPICpy/Solver/Heuristics/delete_relaxed.py:454(_apply_method)
61028,0.194,0.000,0.339,0.000,/scratch/users/u34cm18/alt/EPICpy/Solver/Heuristics/delete_relaxed.py:498(get_create_object)
6,0.000,0.000,0.000,0.000,/scratch/users/u34cm18/alt/EPICpy/Solver/Heuristics/delete_relaxed.py:505(_check_targets)
1,0.000,0.000,0.002,0.002,/scratch/users/u34cm18/alt/EPICpy/Solver/Heuristics/delete_relaxed.py:510(presolving_processing)
1,0.000,0.000,0.001,0.001,/scratch/users/u34cm18/alt/EPICpy/Solver/Heuristics/delete_relaxed.py:518(_generate_alt_domain)
1,0.000,0.000,0.001,0.001,/scratch/users/u34cm18/alt/EPICpy/Solver/Heuristics/delete_relaxed.py:532(_preprocess_methods)
1,0.000,0.000,0.000,0.000,/scratch/users/u34cm18/alt/EPICpy/Solver/Heuristics/delete_relaxed.py:545(_preprocess_actions)
14,0.000,0.000,0.000,0.000,/scratch/users/u34cm18/alt/EPICpy/Solver/Heuristics/delete_relaxed.py:551(_add_to_methods_actions_mapping)
33,0.000,0.000,0.001,0.000,/scratch/users/u34cm18/alt/EPICpy/Solver/Heuristics/delete_relaxed.py:557(_generate_alt_preconditions)
45/33,0.000,0.000,0.001,0.000,/scratch/users/u34cm18/alt/EPICpy/Solver/Heuristics/delete_relaxed.py:573(<listcomp>)
139/33,0.000,0.000,0.001,0.000,/scratch/users/u34cm18/alt/EPICpy/Solver/Heuristics/delete_relaxed.py:563(_generate_alt_preconditions_recur)
1,0.000,0.000,0.001,0.001,/scratch/users/u34cm18/alt/EPICpy/Solver/Heuristics/delete_relaxed.py:586(_generate_alt_problem)
1,0.000,0.000,0.000,0.000,/scratch/users/u34cm18/alt/EPICpy/Solver/Heuristics/deleteRelaxedUtils/delete_relaxed_requirement_parameter_selector.py:6(__init__)
152,0.146,0.001,3045.003,20.033,/scratch/users/u34cm18/alt/EPICpy/Solver/Heuristics/deleteRelaxedUtils/delete_relaxed_requirement_parameter_selector.py:10(delete_relaxed_get_potential_parameters)
86,3.582,0.042,251.322,2.922,/scratch/users/u34cm18/alt/EPICpy/Solver/Heuristics/deleteRelaxedUtils/delete_relaxed_requirement_parameter_selector.py:16(_delete_relaxed_get_potential_parameters_method)
86,0.009,0.000,24.178,0.281,/scratch/users/u34cm18/alt/EPICpy/Solver/Heuristics/deleteRelaxedUtils/delete_relaxed_requirement_parameter_selector.py:50(_delete_relaxed_find_satisfying_parameters_method)
231,0.004,0.000,0.014,0.000,/scratch/users/u34cm18/alt/EPICpy/Solver/Heuristics/deleteRelaxedUtils/delete_relaxed_requirement_parameter_selector.py:96(_delete_relaxed_get_objects_method)
1309,0.000,0.000,0.000,0.000,/scratch/users/u34cm18/alt/EPICpy/Solver/Heuristics/deleteRelaxedUtils/delete_relaxed_requirement_parameter_selector.py:122(_check_object_satisfies_parameter_predicate_exists_check_not)
1,0.000,0.000,0.000,0.000,/scratch/users/u34cm18/alt/EPICpy/Solver/Search_Queues/search_queue_newest_first.py:5(__init__)
1,0.000,0.000,0.000,0.000,/scratch/users/u34cm18/alt/EPICpy/Solver/Search_Queues/Greedy_Best_First_Search_Queue_Newest_First.py:5(__init__)
62241,0.011,0.000,0.011,0.000,/scratch/users/u34cm18/alt/EPICpy/Solver/Search_Queues/Greedy_Best_First_Search_Queue_Newest_First.py:8(_calc_ranking)
89617,0.383,0.000,42.183,0.000,/scratch/users/u34cm18/alt/EPICpy/Solver/Search_Queues/search_queue_newest_first.py:8(_add_model)
531,0.000,0.000,0.000,0.000,{built-in method builtins.all}
100,0.000,0.000,0.000,0.000,{built-in method builtins.any}
45313626/704529,9.414,0.000,34.763,0.000,{built-in method builtins.hash}
4909946,0.534,0.000,0.534,0.000,{built-in method builtins.id}
34022192,4.421,0.000,4.623,0.000,{built-in method builtins.isinstance}
1,0.000,0.000,0.000,0.000,{built-in method builtins.issubclass}
65708908/65708886,5.980,0.000,5.995,0.000,{built-in method builtins.len}
2,0.000,0.000,0.000,0.000,{built-in method builtins.max}
19,0.000,0.000,0.000,0.000,{built-in method builtins.min}
6,0.000,0.000,0.000,0.000,{built-in method builtins.ord}
1,0.000,0.000,0.000,0.000,{built-in method builtins.print}
101,0.000,0.000,0.000,0.000,{built-in method builtins.sum}
6,0.000,0.000,0.000,0.000,{method 'find' of 'bytearray' objects}
2,0.001,0.001,0.001,0.001,{method 'read' of '_io.TextIOWrapper' objects}
2,0.001,0.001,0.001,0.001,{method '__exit__' of '_io._IOBase' objects}
2,0.001,0.001,0.001,0.001,{built-in method io.open}
2,0.000,0.000,0.000,0.000,{built-in method _locale.nl_langinfo}
119509,0.056,0.000,0.056,0.000,{method 'acquire' of '_thread.lock' objects}
119509,0.067,0.000,0.067,0.000,{method '__enter__' of '_thread.lock' objects}
119509,0.033,0.000,0.033,0.000,{method '__exit__' of '_thread.lock' objects}
4,0.000,0.000,0.000,0.000,{built-in method _thread.allocate_lock}
57270,0.027,0.000,0.027,0.000,{built-in method time.time}
137488,0.139,0.000,0.139,0.000,{built-in method _abc._abc_instancecheck}
18/10,0.000,0.000,0.000,0.000,{built-in method _abc._abc_subclasscheck}
2,0.000,0.000,0.000,0.000,{built-in method _codecs.utf_8_decode}
3,0.000,0.000,0.000,0.000,{built-in method _sre.compile}
2,0.001,0.000,0.001,0.000,{built-in method posix.stat}
188456,0.106,0.000,0.106,0.000,{method 'replace' of 'str' objects}
2,0.000,0.000,0.000,0.000,{method 'rindex' of 'str' objects}
6402109,0.992,0.000,0.992,0.000,{method 'startswith' of 'str' objects}
39364854,12.899,0.000,12.937,0.000,{method 'format' of 'str' objects}
2,0.000,0.000,0.000,0.000,{method 'sub' of 're.Pattern' objects}
2,0.001,0.001,0.001,0.001,{method 'findall' of 're.Pattern' objects}
83692,0.127,0.000,0.127,0.000,{method 'finditer' of 're.Pattern' objects}
492980,0.071,0.000,0.071,0.000,{method 'start' of 're.Match' objects}
707199,0.262,0.000,0.410,0.000,{method 'add' of 'set' objects}
11,0.000,0.000,0.000,0.000,{method 'intersection' of 'set' objects}
151,0.000,0.000,0.000,0.000,{method 'remove' of 'set' objects}
257,0.000,0.000,0.000,0.000,{method 'union' of 'set' objects}
25428,0.105,0.000,0.105,0.000,{method 'update' of 'set' objects}
9052240,0.903,0.000,0.903,0.000,{method 'get' of 'dict' objects}
3417808,0.424,0.000,0.424,0.000,{method 'pop' of 'dict' objects}
42491555,5.779,0.000,5.779,0.000,{method 'keys' of 'dict' objects}
12719,0.003,0.000,0.003,0.000,{method 'items' of 'dict' objects}
4772063,0.461,0.000,0.461,0.000,{method 'values' of 'dict' objects}
10767085,2.000,0.000,2.000,0.000,{method 'update' of 'dict' objects}
2,0.000,0.000,0.000,0.000,{built-in method fromkeys}
10767085,2.100,0.000,2.100,0.000,{method 'copy' of 'dict' objects}
91619421,8.971,0.000,8.971,0.000,{method 'append' of 'list' objects}
29552,0.011,0.000,0.011,0.000,{method 'insert' of 'list' objects}
5,0.000,0.000,0.000,0.000,{method 'extend' of 'list' objects}
185569,0.048,0.000,0.048,0.000,{method 'pop' of 'list' objects}
155,0.000,0.000,0.000,0.000,{method 'remove' of 'list' objects}
10801,0.007,0.000,0.007,0.000,{method 'index' of 'list' objects}


